--------------------------------------------------------
--  File created - Thursday-March-27-2014   
--------------------------------------------------------

--------------------------------------------------------
--  DDL for Table ADDRESSES
--------------------------------------------------------

  CREATE TABLE "ADDRESSES" 
   (	"ADDR_ID" VARCHAR2(20 BYTE), 
	"STR_NO" NUMBER, 
	"STREET" VARCHAR2(50 BYTE), 
	"CITY" VARCHAR2(20 BYTE), 
	"STATE" VARCHAR2(2 BYTE), 
	"ZIP" NUMBER, 
	"PHONE_NUM" VARCHAR2(20 BYTE), 
	"LOCATION" "SDO_GEOMETRY"
   ) ;
--------------------------------------------------------
--  DDL for Table CUSTOMERS
--------------------------------------------------------

  CREATE TABLE "CUSTOMERS" 
   (	"EMAIL" VARCHAR2(20 BYTE), 
	"FNAME" VARCHAR2(20 BYTE), 
	"LNAME" VARCHAR2(20 BYTE), 
	"BIRTHDATE" VARCHAR2(20 BYTE), 
	"NICKNAME" VARCHAR2(20 BYTE), 
	"GENDER" VARCHAR2(1 BYTE), 
	"ACCOUNT_NUM" VARCHAR2(20 BYTE), 
	"EXPIRED_DATE" VARCHAR2(20 BYTE), 
	"CSC" NUMBER, 
	"JOIN_TIME" DATE, 
	"ADDR_ID" VARCHAR2(20 BYTE), 
	"PHOTO_ID" VARCHAR2(20 BYTE), 
	"PASSWD" VARCHAR2(20 BYTE)
   ) ;
--------------------------------------------------------
--  DDL for Table CUSTOMER_LIKES_REVIEW
--------------------------------------------------------

  CREATE TABLE "CUSTOMER_LIKES_REVIEW" 
   (	"EMAIL" VARCHAR2(20 BYTE), 
	"REVW_ID" VARCHAR2(20 BYTE)
   ) ;
--------------------------------------------------------
--  DDL for Table MDRT_12ED0$
--------------------------------------------------------

  CREATE TABLE "MDRT_12ED0$" 
   (	"NODE_ID" NUMBER, 
	"NODE_LEVEL" NUMBER, 
	"INFO" BLOB
   ) ;
--------------------------------------------------------
--  DDL for Table ORDERS
--------------------------------------------------------

  CREATE TABLE "ORDERS" 
   (	"ORDER_ID" VARCHAR2(20 BYTE), 
	"EMAIL" VARCHAR2(20 BYTE), 
	"TOTAL_PRICE" NUMBER, 
	"PLACE_TIME" DATE, 
	"SHIPPED_TIME" DATE, 
	"ESTI_ARRI_TIME" DATE, 
	"SIGNED_TIME" DATE, 
	"TRACKING_NUM" NUMBER, 
	"ADDR_ID" VARCHAR2(20 BYTE)
   ) ;
--------------------------------------------------------
--  DDL for Table ORDER_CONTAINS_PRODUCTS
--------------------------------------------------------

  CREATE TABLE "ORDER_CONTAINS_PRODUCTS" 
   (	"ORDER_ID" VARCHAR2(20 BYTE), 
	"PROD_ID" VARCHAR2(20 BYTE), 
	"QUANTITY" NUMBER
   ) ;
--------------------------------------------------------
--  DDL for Table PHOTOS
--------------------------------------------------------

  CREATE TABLE "PHOTOS" 
   (	"PHOTO_ID" VARCHAR2(20 BYTE), 
	"UPLOAD_TIME" DATE, 
	"DESCRIPTION" VARCHAR2(20 BYTE)
   ) ;
--------------------------------------------------------
--  DDL for Table PRODUCTS
--------------------------------------------------------

  CREATE TABLE "PRODUCTS" 
   (	"PROD_ID" VARCHAR2(20 BYTE), 
	"CATEGORY" VARCHAR2(20 BYTE), 
	"NAME" VARCHAR2(100 BYTE), 
	"BRAND" VARCHAR2(50 BYTE), 
	"PRICE" NUMBER
   ) ;
--------------------------------------------------------
--  DDL for Table PRODUCT_HAS_PHOTOS
--------------------------------------------------------

  CREATE TABLE "PRODUCT_HAS_PHOTOS" 
   (	"PHOTO_ID" VARCHAR2(20 BYTE), 
	"PROD_ID" VARCHAR2(20 BYTE)
   ) ;
--------------------------------------------------------
--  DDL for Table REVIEWS
--------------------------------------------------------

  CREATE TABLE "REVIEWS" 
   (	"REVW_ID" VARCHAR2(20 BYTE), 
	"EMAIL" VARCHAR2(20 BYTE), 
	"PROD_ID" VARCHAR2(20 BYTE), 
	"POSTED_TIME" DATE, 
	"RATING" NUMBER, 
	"CONTENT" VARCHAR2(200 BYTE)
   ) ;
--------------------------------------------------------
--  DDL for Table SELLERS
--------------------------------------------------------

  CREATE TABLE "SELLERS" 
   (	"EMAIL" VARCHAR2(20 BYTE), 
	"FNAME" VARCHAR2(20 BYTE), 
	"LNAME" VARCHAR2(20 BYTE), 
	"BIRTHDATE" VARCHAR2(20 BYTE), 
	"NICKNAME" VARCHAR2(20 BYTE), 
	"GENDER" VARCHAR2(1 BYTE), 
	"ACCOUNT_NUM" VARCHAR2(20 BYTE), 
	"EXPIRED_DATE" VARCHAR2(20 BYTE), 
	"CSC" NUMBER, 
	"JOIN_TIME" DATE, 
	"ADDR_ID" VARCHAR2(20 BYTE), 
	"PHOTO_ID" VARCHAR2(20 BYTE), 
	"PASSWD" VARCHAR2(20 BYTE)
   ) ;
--------------------------------------------------------
--  DDL for Table SELLER_PROVIDES_PRODUCTS
--------------------------------------------------------

  CREATE TABLE "SELLER_PROVIDES_PRODUCTS" 
   (	"PROD_ID" VARCHAR2(20 BYTE), 
	"EMAIL" VARCHAR2(20 BYTE), 
	"QUANTITY" NUMBER
   ) ;
REM INSERTING into ADDRESSES
SET DEFINE OFF;
Insert into ADDRESSES (ADDR_ID,STR_NO,STREET,CITY,STATE,ZIP,PHONE_NUM,LOCATION) values ('A1',655,'W Jefferson','Los    
Angeles','CA',90007,'1-213-995-2968',MDSYS.SDO_GEOMETRY(2001,NULL,MDSYS.SDO_POINT_TYPE(434,460,NULL),NULL,NULL));
Insert into ADDRESSES (ADDR_ID,STR_NO,STREET,CITY,STATE,ZIP,PHONE_NUM,LOCATION) values ('A2',12402,'Roosevelt    
AVE','Flushing','NY',11368,'1-299-995-3009',MDSYS.SDO_GEOMETRY(2001,NULL,MDSYS.SDO_POINT_TYPE(195,165,NULL),NULL,NULL));
Insert into ADDRESSES (ADDR_ID,STR_NO,STREET,CITY,STATE,ZIP,PHONE_NUM,LOCATION) values ('A3',8446,'Melrose Pl','Los    
Angeles','CA',90069,'1-213-995-9700',MDSYS.SDO_GEOMETRY(2001,NULL,MDSYS.SDO_POINT_TYPE(165,770,NULL),NULL,NULL));
Insert into ADDRESSES (ADDR_ID,STR_NO,STREET,CITY,STATE,ZIP,PHONE_NUM,LOCATION) values ('A4',1300,'E Main    
St','Alhambra','CA',91801,'1-213-995-3131',MDSYS.SDO_GEOMETRY(2001,NULL,MDSYS.SDO_POINT_TYPE(455,450,NULL),NULL,NULL));
Insert into ADDRESSES (ADDR_ID,STR_NO,STREET,CITY,STATE,ZIP,PHONE_NUM,LOCATION) values ('A5',3335,'S Figueroa    
St.','Los Angeles','CA',90007,'1-213-995-6183',MDSYS.SDO_GEOMETRY(2001,NULL,MDSYS.SDO_POINT_TYPE(277,310,NULL),NULL,NULL));
Insert into ADDRESSES (ADDR_ID,STR_NO,STREET,CITY,STATE,ZIP,PHONE_NUM,LOCATION) values ('A6',2400,'Broadway ','Santa    
Monica','CA',90404,'1-213-995-2220',MDSYS.SDO_GEOMETRY(2001,NULL,MDSYS.SDO_POINT_TYPE(157,333,NULL),NULL,NULL));
Insert into ADDRESSES (ADDR_ID,STR_NO,STREET,CITY,STATE,ZIP,PHONE_NUM,LOCATION) values ('A7',1445,'South Lemon    
Street','Fullerton','CA',92832,'1-213-995-6210',MDSYS.SDO_GEOMETRY(2001,NULL,MDSYS.SDO_POINT_TYPE(430,470,NULL),NULL,NULL));
Insert into ADDRESSES (ADDR_ID,STR_NO,STREET,CITY,STATE,ZIP,PHONE_NUM,LOCATION) values ('A8',2300,'Marine    
Drive','San Francisco','CA',94129,'1-213-995-3041',MDSYS.SDO_GEOMETRY(2001,NULL,MDSYS.SDO_POINT_TYPE(407,45,NULL),NULL,NULL));
Insert into ADDRESSES (ADDR_ID,STR_NO,STREET,CITY,STATE,ZIP,PHONE_NUM,LOCATION) values ('A9',1,'Statue of Liberty    
National Monumentmore','Ney York','NY',10004,'1-299-995-4796',MDSYS.SDO_GEOMETRY(2001,NULL,MDSYS.SDO_POINT_TYPE(345,530,NULL),NULL,NULL));
Insert into ADDRESSES (ADDR_ID,STR_NO,STREET,CITY,STATE,ZIP,PHONE_NUM,LOCATION) values ('A10',2,'Griffith Park','Los    
Angeles','CA',90027,'1-213-995-6600',MDSYS.SDO_GEOMETRY(2001,NULL,MDSYS.SDO_POINT_TYPE(246,128,NULL),NULL,NULL));
Insert into ADDRESSES (ADDR_ID,STR_NO,STREET,CITY,STATE,ZIP,PHONE_NUM,LOCATION) values ('A11',26101,'Magic    
Mountain Parkway','Valencia','CA',91355,'1-213-995-9960',MDSYS.SDO_GEOMETRY(2001,NULL,MDSYS.SDO_POINT_TYPE(334,372,NULL),NULL,NULL));
Insert into ADDRESSES (ADDR_ID,STR_NO,STREET,CITY,STATE,ZIP,PHONE_NUM,LOCATION) values ('A12',1350,'Massachusetts    
Ave','Cambridge','MA',2138,'1-211-995-6126',MDSYS.SDO_GEOMETRY(2001,NULL,MDSYS.SDO_POINT_TYPE(280,429,NULL),NULL,NULL));
Insert into ADDRESSES (ADDR_ID,STR_NO,STREET,CITY,STATE,ZIP,PHONE_NUM,LOCATION) values ('A13',405,'Hilgard    
Avenue','Los Angeles','CA',90095,'1-213-995-6633',MDSYS.SDO_GEOMETRY(2001,NULL,MDSYS.SDO_POINT_TYPE(368,22,NULL),NULL,NULL));
Insert into ADDRESSES (ADDR_ID,STR_NO,STREET,CITY,STATE,ZIP,PHONE_NUM,LOCATION) values ('A14',77,'Massachusetts    
Avenue','Cambridge','MA',2139,'1-211-995-9980',MDSYS.SDO_GEOMETRY(2001,NULL,MDSYS.SDO_POINT_TYPE(259,129,NULL),NULL,NULL));
Insert into ADDRESSES (ADDR_ID,STR_NO,STREET,CITY,STATE,ZIP,PHONE_NUM,LOCATION) values ('A15',3607,'Trousdale    
Pkwy','Los Angeles','CA',90089,'1-213-995-6268',MDSYS.SDO_GEOMETRY(2001,NULL,MDSYS.SDO_POINT_TYPE(339,725,NULL),NULL,NULL));
Insert into ADDRESSES (ADDR_ID,STR_NO,STREET,CITY,STATE,ZIP,PHONE_NUM,LOCATION) values ('A16',5757,'Wilshire    
Blvd','Los Angeles','CA',90036,'1-213-995-6640',MDSYS.SDO_GEOMETRY(2001,NULL,MDSYS.SDO_POINT_TYPE(273,623,NULL),NULL,NULL));
Insert into ADDRESSES (ADDR_ID,STR_NO,STREET,CITY,STATE,ZIP,PHONE_NUM,LOCATION) values ('A17',1133,' N La Brea    
Ave','West Hollywood','CA',90038,'1-213-995-6205',MDSYS.SDO_GEOMETRY(2001,NULL,MDSYS.SDO_POINT_TYPE(135,11,NULL),NULL,NULL));
Insert into ADDRESSES (ADDR_ID,STR_NO,STREET,CITY,STATE,ZIP,PHONE_NUM,LOCATION) values ('A18',1890,'Shattuck    
Avenue','Berkeley','CA',94709,'1-213-995-8792',MDSYS.SDO_GEOMETRY(2001,NULL,MDSYS.SDO_POINT_TYPE(288,502,NULL),NULL,NULL));
REM INSERTING into CUSTOMERS
SET DEFINE OFF;
Insert into CUSTOMERS (EMAIL,FNAME,LNAME,BIRTHDATE,NICKNAME,GENDER,ACCOUNT_NUM,EXPIRED_DATE,CSC,JOIN_TIME,ADDR_ID,PHOTO_ID,PASSWD) values ('bill@csci585.edu','Bill','Gates','10/28/1955','Bill1','M','1234-5678-2564-3214','Jun-2015',888,to_date('29-JAN-14','DD-MON-RR'),'A3','Pho3','12345');
Insert into CUSTOMERS (EMAIL,FNAME,LNAME,BIRTHDATE,NICKNAME,GENDER,ACCOUNT_NUM,EXPIRED_DATE,CSC,JOIN_TIME,ADDR_ID,PHOTO_ID,PASSWD) values ('miley@csci585.edu','Miley','Cyrus','11/23/1992','Miley1','M','1234-5678-2564-3215','Jul-2015',555,to_date('30-JAN-14','DD-MON-RR'),'A4','Pho4','12345');
Insert into CUSTOMERS (EMAIL,FNAME,LNAME,BIRTHDATE,NICKNAME,GENDER,ACCOUNT_NUM,EXPIRED_DATE,CSC,JOIN_TIME,ADDR_ID,PHOTO_ID,PASSWD) values ('angelina@csci585.edu','Angelina','Jolie','6/4/1975','Angelina1','F','1234-5678-2564-3210','Feb-2015',254,to_date('25-JAN-14','DD-MON-RR'),'A5',null,'12345');
Insert into CUSTOMERS (EMAIL,FNAME,LNAME,BIRTHDATE,NICKNAME,GENDER,ACCOUNT_NUM,EXPIRED_DATE,CSC,JOIN_TIME,ADDR_ID,PHOTO_ID,PASSWD) values ('brad@csci585.edu','Brad','Pitt','12/18/1963','Brad1','M','1234-5678-2564-3211','Mar-2015',612,to_date('26-JAN-14','DD-MON-RR'),'A6',null,'12345');
Insert into CUSTOMERS (EMAIL,FNAME,LNAME,BIRTHDATE,NICKNAME,GENDER,ACCOUNT_NUM,EXPIRED_DATE,CSC,JOIN_TIME,ADDR_ID,PHOTO_ID,PASSWD) values ('hope@csci585.edu','Hope','Solo','7/20/1981','Hope1','F','1234-5678-2564-3216','Aug-2015',212,to_date('30-JAN-14','DD-MON-RR'),'A7',null,'12345');
Insert into CUSTOMERS (EMAIL,FNAME,LNAME,BIRTHDATE,NICKNAME,GENDER,ACCOUNT_NUM,EXPIRED_DATE,CSC,JOIN_TIME,ADDR_ID,PHOTO_ID,PASSWD) values ('andre@csci585.edu','Andre','Agassi','4/29/1970','Andre1','F','1234-5678-2564-3217','Sep-2015',101,to_date('31-JAN-14','DD-MON-RR'),'A8','Pho7','12345');
Insert into CUSTOMERS (EMAIL,FNAME,LNAME,BIRTHDATE,NICKNAME,GENDER,ACCOUNT_NUM,EXPIRED_DATE,CSC,JOIN_TIME,ADDR_ID,PHOTO_ID,PASSWD) values ('nelle@csci585.edu','Nelle','Lee','9/12/1955','Nelle1','F','1234-5678-2564-3218','Oct-2015',505,to_date('01-FEB-14','DD-MON-RR'),'A9','Pho8','12345');
Insert into CUSTOMERS (EMAIL,FNAME,LNAME,BIRTHDATE,NICKNAME,GENDER,ACCOUNT_NUM,EXPIRED_DATE,CSC,JOIN_TIME,ADDR_ID,PHOTO_ID,PASSWD) values ('jen@csci585.edu','Jennifer','Aniston','2/11/1969','Jennifer1','F','1234-5678-2564-3219','Nov-2015',747,to_date('02-FEB-14','DD-MON-RR'),'A10',null,'12345');
Insert into CUSTOMERS (EMAIL,FNAME,LNAME,BIRTHDATE,NICKNAME,GENDER,ACCOUNT_NUM,EXPIRED_DATE,CSC,JOIN_TIME,ADDR_ID,PHOTO_ID,PASSWD) values ('pit@csci585.edu','Pit','Sampras','8/12/1971','Pit1','M','1234-5678-2564-3220','Dec-2015',845,to_date('03-FEB-14','DD-MON-RR'),'A11',null,'12345');
Insert into CUSTOMERS (EMAIL,FNAME,LNAME,BIRTHDATE,NICKNAME,GENDER,ACCOUNT_NUM,EXPIRED_DATE,CSC,JOIN_TIME,ADDR_ID,PHOTO_ID,PASSWD) values ('josh@csci585.edu','Josh','Radnor','7/29/1974','Josh1','M','1234-5678-2564-3221','Jan-2016',988,to_date('04-FEB-14','DD-MON-RR'),'A12',null,'12345');
Insert into CUSTOMERS (EMAIL,FNAME,LNAME,BIRTHDATE,NICKNAME,GENDER,ACCOUNT_NUM,EXPIRED_DATE,CSC,JOIN_TIME,ADDR_ID,PHOTO_ID,PASSWD) values ('tom@csci585.edu','Tom','Cruise','7/3/1962','Tom1','M','1234-5678-2564-3222','Feb-2016',669,to_date('05-FEB-14','DD-MON-RR'),'A13','Pho6','12345');
Insert into CUSTOMERS (EMAIL,FNAME,LNAME,BIRTHDATE,NICKNAME,GENDER,ACCOUNT_NUM,EXPIRED_DATE,CSC,JOIN_TIME,ADDR_ID,PHOTO_ID,PASSWD) values ('serina@usc.edu','Serena','Williams','9/26/1981','Serena1','M','1234-5678-2564-3223','Mar-2016',636,to_date('06-FEB-14','DD-MON-RR'),'A14','Pho5','12345');
REM INSERTING into CUSTOMER_LIKES_REVIEW
SET DEFINE OFF;
Insert into CUSTOMER_LIKES_REVIEW (EMAIL,REVW_ID) values ('andre@csci585.edu','R15');
Insert into CUSTOMER_LIKES_REVIEW (EMAIL,REVW_ID) values ('andre@csci585.edu','R8');
Insert into CUSTOMER_LIKES_REVIEW (EMAIL,REVW_ID) values ('angelina@csci585.edu','R10');
Insert into CUSTOMER_LIKES_REVIEW (EMAIL,REVW_ID) values ('angelina@csci585.edu','R8');
Insert into CUSTOMER_LIKES_REVIEW (EMAIL,REVW_ID) values ('bill@csci585.edu','R1');
Insert into CUSTOMER_LIKES_REVIEW (EMAIL,REVW_ID) values ('bill@csci585.edu','R4');
Insert into CUSTOMER_LIKES_REVIEW (EMAIL,REVW_ID) values ('bill@csci585.edu','R9');
Insert into CUSTOMER_LIKES_REVIEW (EMAIL,REVW_ID) values ('brad@csci585.edu','R2');
Insert into CUSTOMER_LIKES_REVIEW (EMAIL,REVW_ID) values ('brad@csci585.edu','R3');
Insert into CUSTOMER_LIKES_REVIEW (EMAIL,REVW_ID) values ('hope@csci585.edu','R7');
Insert into CUSTOMER_LIKES_REVIEW (EMAIL,REVW_ID) values ('jen@csci585.edu','R2');
Insert into CUSTOMER_LIKES_REVIEW (EMAIL,REVW_ID) values ('jen@csci585.edu','R9');
Insert into CUSTOMER_LIKES_REVIEW (EMAIL,REVW_ID) values ('josh@csci585.edu','R9');
Insert into CUSTOMER_LIKES_REVIEW (EMAIL,REVW_ID) values ('miley@csci585.edu','R3');
Insert into CUSTOMER_LIKES_REVIEW (EMAIL,REVW_ID) values ('miley@csci585.edu','R5');
Insert into CUSTOMER_LIKES_REVIEW (EMAIL,REVW_ID) values ('nelle@csci585.edu','R10');
Insert into CUSTOMER_LIKES_REVIEW (EMAIL,REVW_ID) values ('nelle@csci585.edu','R2');
Insert into CUSTOMER_LIKES_REVIEW (EMAIL,REVW_ID) values ('pit@csci585.edu','R10');
Insert into CUSTOMER_LIKES_REVIEW (EMAIL,REVW_ID) values ('serina@usc.edu','R10');
Insert into CUSTOMER_LIKES_REVIEW (EMAIL,REVW_ID) values ('serina@usc.edu','R9');
Insert into CUSTOMER_LIKES_REVIEW (EMAIL,REVW_ID) values ('tom@csci585.edu','R11');
Insert into CUSTOMER_LIKES_REVIEW (EMAIL,REVW_ID) values ('tom@csci585.edu','R2');
REM INSERTING into MDRT_12ED0$
SET DEFINE OFF;
Insert into MDRT_12ED0$ (NODE_ID,NODE_LEVEL) values (3,1);
REM INSERTING into ORDERS
SET DEFINE OFF;
Insert into ORDERS (ORDER_ID,EMAIL,TOTAL_PRICE,PLACE_TIME,SHIPPED_TIME,ESTI_ARRI_TIME,SIGNED_TIME,TRACKING_NUM,ADDR_ID) values ('O1','bill@csci585.edu',329,to_date('06-JUN-13','DD-MON-RR'),to_date('07-JUN-13','DD-MON-RR'),to_date('10-JUN-13','DD-MON-RR'),to_date('11-JUN-13','DD-MON-RR'),12345678,'A3');
Insert into ORDERS (ORDER_ID,EMAIL,TOTAL_PRICE,PLACE_TIME,SHIPPED_TIME,ESTI_ARRI_TIME,SIGNED_TIME,TRACKING_NUM,ADDR_ID) values ('O2','bill@csci585.edu',205,to_date('07-JUN-13','DD-MON-RR'),to_date('08-JUN-13','DD-MON-RR'),to_date('11-JUN-13','DD-MON-RR'),to_date('12-JUN-13','DD-MON-RR'),12345679,'A3');
Insert into ORDERS (ORDER_ID,EMAIL,TOTAL_PRICE,PLACE_TIME,SHIPPED_TIME,ESTI_ARRI_TIME,SIGNED_TIME,TRACKING_NUM,ADDR_ID) values ('O3','bill@csci585.edu',334,to_date('08-JUN-13','DD-MON-RR'),to_date('09-JUN-13','DD-MON-RR'),to_date('12-JUN-13','DD-MON-RR'),to_date('13-JUN-13','DD-MON-RR'),12345680,'A3');
Insert into ORDERS (ORDER_ID,EMAIL,TOTAL_PRICE,PLACE_TIME,SHIPPED_TIME,ESTI_ARRI_TIME,SIGNED_TIME,TRACKING_NUM,ADDR_ID) values ('O4','bill@csci585.edu',156,to_date('09-JUN-13','DD-MON-RR'),to_date('10-JUN-13','DD-MON-RR'),to_date('13-JUN-13','DD-MON-RR'),to_date('14-JUN-13','DD-MON-RR'),12345681,'A3');
Insert into ORDERS (ORDER_ID,EMAIL,TOTAL_PRICE,PLACE_TIME,SHIPPED_TIME,ESTI_ARRI_TIME,SIGNED_TIME,TRACKING_NUM,ADDR_ID) values ('O5','bill@csci585.edu',425,to_date('10-JUN-13','DD-MON-RR'),to_date('11-JUN-13','DD-MON-RR'),to_date('14-JUN-13','DD-MON-RR'),to_date('15-JUN-13','DD-MON-RR'),12345682,'A3');
Insert into ORDERS (ORDER_ID,EMAIL,TOTAL_PRICE,PLACE_TIME,SHIPPED_TIME,ESTI_ARRI_TIME,SIGNED_TIME,TRACKING_NUM,ADDR_ID) values ('O6','miley@csci585.edu',728,to_date('11-JUN-13','DD-MON-RR'),to_date('12-JUN-13','DD-MON-RR'),to_date('15-JUN-13','DD-MON-RR'),to_date('16-JUN-13','DD-MON-RR'),12345683,'A4');
Insert into ORDERS (ORDER_ID,EMAIL,TOTAL_PRICE,PLACE_TIME,SHIPPED_TIME,ESTI_ARRI_TIME,SIGNED_TIME,TRACKING_NUM,ADDR_ID) values ('O7','miley@csci585.edu',142,to_date('12-JUN-13','DD-MON-RR'),to_date('13-JUN-13','DD-MON-RR'),to_date('16-JUN-13','DD-MON-RR'),to_date('17-JUN-13','DD-MON-RR'),12345684,'A4');
Insert into ORDERS (ORDER_ID,EMAIL,TOTAL_PRICE,PLACE_TIME,SHIPPED_TIME,ESTI_ARRI_TIME,SIGNED_TIME,TRACKING_NUM,ADDR_ID) values ('O8','miley@csci585.edu',176,to_date('13-JUN-13','DD-MON-RR'),to_date('14-JUN-13','DD-MON-RR'),to_date('17-JUN-13','DD-MON-RR'),to_date('18-JUN-13','DD-MON-RR'),12345685,'A4');
Insert into ORDERS (ORDER_ID,EMAIL,TOTAL_PRICE,PLACE_TIME,SHIPPED_TIME,ESTI_ARRI_TIME,SIGNED_TIME,TRACKING_NUM,ADDR_ID) values ('O9','miley@csci585.edu',240,to_date('14-JUN-13','DD-MON-RR'),to_date('15-JUN-13','DD-MON-RR'),to_date('18-JUN-13','DD-MON-RR'),to_date('19-JUN-13','DD-MON-RR'),12345686,'A4');
Insert into ORDERS (ORDER_ID,EMAIL,TOTAL_PRICE,PLACE_TIME,SHIPPED_TIME,ESTI_ARRI_TIME,SIGNED_TIME,TRACKING_NUM,ADDR_ID) values ('O10','miley@csci585.edu',58,to_date('15-JUN-13','DD-MON-RR'),to_date('16-JUN-13','DD-MON-RR'),to_date('19-JUN-13','DD-MON-RR'),to_date('20-JUN-13','DD-MON-RR'),12345687,'A4');
Insert into ORDERS (ORDER_ID,EMAIL,TOTAL_PRICE,PLACE_TIME,SHIPPED_TIME,ESTI_ARRI_TIME,SIGNED_TIME,TRACKING_NUM,ADDR_ID) values ('O11','angelina@csci585.edu',215,to_date('16-JUN-13','DD-MON-RR'),to_date('17-JUN-13','DD-MON-RR'),to_date('20-JUN-13','DD-MON-RR'),to_date('21-JUN-13','DD-MON-RR'),12345688,'A5');
Insert into ORDERS (ORDER_ID,EMAIL,TOTAL_PRICE,PLACE_TIME,SHIPPED_TIME,ESTI_ARRI_TIME,SIGNED_TIME,TRACKING_NUM,ADDR_ID) values ('O12','angelina@csci585.edu',380,to_date('17-JUN-13','DD-MON-RR'),to_date('18-JUN-13','DD-MON-RR'),to_date('21-JUN-13','DD-MON-RR'),to_date('22-JUN-13','DD-MON-RR'),12345689,'A5');
Insert into ORDERS (ORDER_ID,EMAIL,TOTAL_PRICE,PLACE_TIME,SHIPPED_TIME,ESTI_ARRI_TIME,SIGNED_TIME,TRACKING_NUM,ADDR_ID) values ('O13','angelina@csci585.edu',600,to_date('18-JUN-13','DD-MON-RR'),to_date('19-JUN-13','DD-MON-RR'),to_date('22-JUN-13','DD-MON-RR'),to_date('23-JUN-13','DD-MON-RR'),12345690,'A5');
Insert into ORDERS (ORDER_ID,EMAIL,TOTAL_PRICE,PLACE_TIME,SHIPPED_TIME,ESTI_ARRI_TIME,SIGNED_TIME,TRACKING_NUM,ADDR_ID) values ('O14','angelina@csci585.edu',215,to_date('19-JUN-13','DD-MON-RR'),to_date('20-JUN-13','DD-MON-RR'),to_date('23-JUN-13','DD-MON-RR'),to_date('24-JUN-13','DD-MON-RR'),12345691,'A5');
Insert into ORDERS (ORDER_ID,EMAIL,TOTAL_PRICE,PLACE_TIME,SHIPPED_TIME,ESTI_ARRI_TIME,SIGNED_TIME,TRACKING_NUM,ADDR_ID) values ('O15','pit@csci585.edu',456,to_date('20-JUN-13','DD-MON-RR'),to_date('21-JUN-13','DD-MON-RR'),to_date('24-JUN-13','DD-MON-RR'),to_date('25-JUN-13','DD-MON-RR'),12345692,'A11');
Insert into ORDERS (ORDER_ID,EMAIL,TOTAL_PRICE,PLACE_TIME,SHIPPED_TIME,ESTI_ARRI_TIME,SIGNED_TIME,TRACKING_NUM,ADDR_ID) values ('O16','brad@csci585.edu',228,to_date('21-JUN-13','DD-MON-RR'),to_date('22-JUN-13','DD-MON-RR'),to_date('25-JUN-13','DD-MON-RR'),to_date('26-JUN-13','DD-MON-RR'),12345693,'A6');
Insert into ORDERS (ORDER_ID,EMAIL,TOTAL_PRICE,PLACE_TIME,SHIPPED_TIME,ESTI_ARRI_TIME,SIGNED_TIME,TRACKING_NUM,ADDR_ID) values ('O17','brad@csci585.edu',150,to_date('22-JUN-13','DD-MON-RR'),to_date('23-JUN-13','DD-MON-RR'),to_date('26-JUN-13','DD-MON-RR'),to_date('27-JUN-13','DD-MON-RR'),12345694,'A6');
Insert into ORDERS (ORDER_ID,EMAIL,TOTAL_PRICE,PLACE_TIME,SHIPPED_TIME,ESTI_ARRI_TIME,SIGNED_TIME,TRACKING_NUM,ADDR_ID) values ('O18','brad@csci585.edu',430,to_date('23-JUN-13','DD-MON-RR'),to_date('24-JUN-13','DD-MON-RR'),to_date('27-JUN-13','DD-MON-RR'),to_date('28-JUN-13','DD-MON-RR'),12345695,'A6');
Insert into ORDERS (ORDER_ID,EMAIL,TOTAL_PRICE,PLACE_TIME,SHIPPED_TIME,ESTI_ARRI_TIME,SIGNED_TIME,TRACKING_NUM,ADDR_ID) values ('O19','brad@csci585.edu',228,to_date('24-JUN-13','DD-MON-RR'),to_date('25-JUN-13','DD-MON-RR'),to_date('28-JUN-13','DD-MON-RR'),to_date('29-JUN-13','DD-MON-RR'),12345696,'A6');
Insert into ORDERS (ORDER_ID,EMAIL,TOTAL_PRICE,PLACE_TIME,SHIPPED_TIME,ESTI_ARRI_TIME,SIGNED_TIME,TRACKING_NUM,ADDR_ID) values ('O20','brad@csci585.edu',130,to_date('25-JUN-13','DD-MON-RR'),to_date('26-JUN-13','DD-MON-RR'),to_date('29-JUN-13','DD-MON-RR'),to_date('30-JUN-13','DD-MON-RR'),12345697,'A6');
Insert into ORDERS (ORDER_ID,EMAIL,TOTAL_PRICE,PLACE_TIME,SHIPPED_TIME,ESTI_ARRI_TIME,SIGNED_TIME,TRACKING_NUM,ADDR_ID) values ('O21','hope@csci585.edu',215,to_date('26-JUN-13','DD-MON-RR'),to_date('27-JUN-13','DD-MON-RR'),to_date('30-JUN-13','DD-MON-RR'),to_date('01-JUL-13','DD-MON-RR'),12345698,'A7');
Insert into ORDERS (ORDER_ID,EMAIL,TOTAL_PRICE,PLACE_TIME,SHIPPED_TIME,ESTI_ARRI_TIME,SIGNED_TIME,TRACKING_NUM,ADDR_ID) values ('O22','hope@csci585.edu',425,to_date('27-JUN-13','DD-MON-RR'),to_date('28-JUN-13','DD-MON-RR'),to_date('01-JUL-13','DD-MON-RR'),to_date('02-JUL-13','DD-MON-RR'),12345699,'A7');
Insert into ORDERS (ORDER_ID,EMAIL,TOTAL_PRICE,PLACE_TIME,SHIPPED_TIME,ESTI_ARRI_TIME,SIGNED_TIME,TRACKING_NUM,ADDR_ID) values ('O23','hope@csci585.edu',60,to_date('28-JUN-13','DD-MON-RR'),to_date('29-JUN-13','DD-MON-RR'),to_date('02-JUL-13','DD-MON-RR'),to_date('03-JUL-13','DD-MON-RR'),12345700,'A7');
Insert into ORDERS (ORDER_ID,EMAIL,TOTAL_PRICE,PLACE_TIME,SHIPPED_TIME,ESTI_ARRI_TIME,SIGNED_TIME,TRACKING_NUM,ADDR_ID) values ('O24','hope@csci585.edu',58,to_date('29-JUN-13','DD-MON-RR'),to_date('30-JUN-13','DD-MON-RR'),to_date('03-JUL-13','DD-MON-RR'),to_date('04-JUL-13','DD-MON-RR'),12345701,'A7');
Insert into ORDERS (ORDER_ID,EMAIL,TOTAL_PRICE,PLACE_TIME,SHIPPED_TIME,ESTI_ARRI_TIME,SIGNED_TIME,TRACKING_NUM,ADDR_ID) values ('O25','hope@csci585.edu',130,to_date('30-JUN-13','DD-MON-RR'),to_date('01-JUL-13','DD-MON-RR'),to_date('04-JUL-13','DD-MON-RR'),to_date('05-JUL-13','DD-MON-RR'),12345702,'A7');
Insert into ORDERS (ORDER_ID,EMAIL,TOTAL_PRICE,PLACE_TIME,SHIPPED_TIME,ESTI_ARRI_TIME,SIGNED_TIME,TRACKING_NUM,ADDR_ID) values ('O26','hope@csci585.edu',306,to_date('01-JUL-13','DD-MON-RR'),to_date('02-JUL-13','DD-MON-RR'),to_date('05-JUL-13','DD-MON-RR'),to_date('06-JUL-13','DD-MON-RR'),12345703,'A7');
Insert into ORDERS (ORDER_ID,EMAIL,TOTAL_PRICE,PLACE_TIME,SHIPPED_TIME,ESTI_ARRI_TIME,SIGNED_TIME,TRACKING_NUM,ADDR_ID) values ('O27','hope@csci585.edu',360,to_date('02-JUL-13','DD-MON-RR'),to_date('03-JUL-13','DD-MON-RR'),to_date('06-JUL-13','DD-MON-RR'),to_date('07-JUL-13','DD-MON-RR'),12345704,'A7');
Insert into ORDERS (ORDER_ID,EMAIL,TOTAL_PRICE,PLACE_TIME,SHIPPED_TIME,ESTI_ARRI_TIME,SIGNED_TIME,TRACKING_NUM,ADDR_ID) values ('O28','hope@csci585.edu',388,to_date('03-JUL-13','DD-MON-RR'),to_date('04-JUL-13','DD-MON-RR'),to_date('07-JUL-13','DD-MON-RR'),to_date('08-JUL-13','DD-MON-RR'),12345705,'A7');
Insert into ORDERS (ORDER_ID,EMAIL,TOTAL_PRICE,PLACE_TIME,SHIPPED_TIME,ESTI_ARRI_TIME,SIGNED_TIME,TRACKING_NUM,ADDR_ID) values ('O29','hope@csci585.edu',85,to_date('04-JUL-13','DD-MON-RR'),to_date('05-JUL-13','DD-MON-RR'),to_date('08-JUL-13','DD-MON-RR'),to_date('09-JUL-13','DD-MON-RR'),12345706,'A7');
Insert into ORDERS (ORDER_ID,EMAIL,TOTAL_PRICE,PLACE_TIME,SHIPPED_TIME,ESTI_ARRI_TIME,SIGNED_TIME,TRACKING_NUM,ADDR_ID) values ('O30','andre@csci585.edu',570,to_date('05-JUL-13','DD-MON-RR'),to_date('06-JUL-13','DD-MON-RR'),to_date('09-JUL-13','DD-MON-RR'),to_date('10-JUL-13','DD-MON-RR'),12345707,'A8');
Insert into ORDERS (ORDER_ID,EMAIL,TOTAL_PRICE,PLACE_TIME,SHIPPED_TIME,ESTI_ARRI_TIME,SIGNED_TIME,TRACKING_NUM,ADDR_ID) values ('O31','andre@csci585.edu',43,to_date('06-JUL-13','DD-MON-RR'),to_date('07-JUL-13','DD-MON-RR'),to_date('10-JUL-13','DD-MON-RR'),to_date('11-JUL-13','DD-MON-RR'),12345708,'A8');
Insert into ORDERS (ORDER_ID,EMAIL,TOTAL_PRICE,PLACE_TIME,SHIPPED_TIME,ESTI_ARRI_TIME,SIGNED_TIME,TRACKING_NUM,ADDR_ID) values ('O32','nelle@csci585.edu',970,to_date('07-JUL-13','DD-MON-RR'),to_date('08-JUL-13','DD-MON-RR'),to_date('11-JUL-13','DD-MON-RR'),to_date('12-JUL-13','DD-MON-RR'),12345709,'A9');
Insert into ORDERS (ORDER_ID,EMAIL,TOTAL_PRICE,PLACE_TIME,SHIPPED_TIME,ESTI_ARRI_TIME,SIGNED_TIME,TRACKING_NUM,ADDR_ID) values ('O33','nelle@csci585.edu',172,to_date('08-JUL-13','DD-MON-RR'),to_date('09-JUL-13','DD-MON-RR'),to_date('12-JUL-13','DD-MON-RR'),to_date('13-JUL-13','DD-MON-RR'),12345710,'A9');
Insert into ORDERS (ORDER_ID,EMAIL,TOTAL_PRICE,PLACE_TIME,SHIPPED_TIME,ESTI_ARRI_TIME,SIGNED_TIME,TRACKING_NUM,ADDR_ID) values ('O34','jen@csci585.edu',42,to_date('09-JUL-13','DD-MON-RR'),to_date('10-JUL-13','DD-MON-RR'),to_date('13-JUL-13','DD-MON-RR'),to_date('14-JUL-13','DD-MON-RR'),12345711,'A10');
Insert into ORDERS (ORDER_ID,EMAIL,TOTAL_PRICE,PLACE_TIME,SHIPPED_TIME,ESTI_ARRI_TIME,SIGNED_TIME,TRACKING_NUM,ADDR_ID) values ('O35','jen@csci585.edu',130,to_date('10-JUL-13','DD-MON-RR'),to_date('11-JUL-13','DD-MON-RR'),to_date('14-JUL-13','DD-MON-RR'),to_date('15-JUL-13','DD-MON-RR'),12345712,'A10');
Insert into ORDERS (ORDER_ID,EMAIL,TOTAL_PRICE,PLACE_TIME,SHIPPED_TIME,ESTI_ARRI_TIME,SIGNED_TIME,TRACKING_NUM,ADDR_ID) values ('O36','jen@csci585.edu',48,to_date('11-JUL-13','DD-MON-RR'),to_date('12-JUL-13','DD-MON-RR'),to_date('15-JUL-13','DD-MON-RR'),to_date('16-JUL-13','DD-MON-RR'),12345713,'A10');
Insert into ORDERS (ORDER_ID,EMAIL,TOTAL_PRICE,PLACE_TIME,SHIPPED_TIME,ESTI_ARRI_TIME,SIGNED_TIME,TRACKING_NUM,ADDR_ID) values ('O37','pit@csci585.edu',1140,to_date('12-JUL-13','DD-MON-RR'),to_date('13-JUL-13','DD-MON-RR'),to_date('16-JUL-13','DD-MON-RR'),to_date('17-JUL-13','DD-MON-RR'),12345714,'A11');
Insert into ORDERS (ORDER_ID,EMAIL,TOTAL_PRICE,PLACE_TIME,SHIPPED_TIME,ESTI_ARRI_TIME,SIGNED_TIME,TRACKING_NUM,ADDR_ID) values ('O38','pit@csci585.edu',120,to_date('13-JUL-13','DD-MON-RR'),to_date('14-JUL-13','DD-MON-RR'),to_date('17-JUL-13','DD-MON-RR'),to_date('18-JUL-13','DD-MON-RR'),12345715,'A11');
Insert into ORDERS (ORDER_ID,EMAIL,TOTAL_PRICE,PLACE_TIME,SHIPPED_TIME,ESTI_ARRI_TIME,SIGNED_TIME,TRACKING_NUM,ADDR_ID) values ('O39','pit@csci585.edu',225,to_date('14-JUL-13','DD-MON-RR'),to_date('15-JUL-13','DD-MON-RR'),to_date('18-JUL-13','DD-MON-RR'),to_date('19-JUL-13','DD-MON-RR'),12345716,'A11');
Insert into ORDERS (ORDER_ID,EMAIL,TOTAL_PRICE,PLACE_TIME,SHIPPED_TIME,ESTI_ARRI_TIME,SIGNED_TIME,TRACKING_NUM,ADDR_ID) values ('O40','pit@csci585.edu',9,to_date('15-JUL-13','DD-MON-RR'),to_date('16-JUL-13','DD-MON-RR'),to_date('19-JUL-13','DD-MON-RR'),to_date('20-JUL-13','DD-MON-RR'),12345717,'A11');
Insert into ORDERS (ORDER_ID,EMAIL,TOTAL_PRICE,PLACE_TIME,SHIPPED_TIME,ESTI_ARRI_TIME,SIGNED_TIME,TRACKING_NUM,ADDR_ID) values ('O41','josh@csci585.edu',228,to_date('16-JUL-13','DD-MON-RR'),to_date('17-JUL-13','DD-MON-RR'),to_date('20-JUL-13','DD-MON-RR'),to_date('21-JUL-13','DD-MON-RR'),12345718,'A12');
Insert into ORDERS (ORDER_ID,EMAIL,TOTAL_PRICE,PLACE_TIME,SHIPPED_TIME,ESTI_ARRI_TIME,SIGNED_TIME,TRACKING_NUM,ADDR_ID) values ('O42','josh@csci585.edu',130,to_date('17-JUL-13','DD-MON-RR'),to_date('18-JUL-13','DD-MON-RR'),to_date('21-JUL-13','DD-MON-RR'),to_date('22-JUL-13','DD-MON-RR'),12345719,'A12');
Insert into ORDERS (ORDER_ID,EMAIL,TOTAL_PRICE,PLACE_TIME,SHIPPED_TIME,ESTI_ARRI_TIME,SIGNED_TIME,TRACKING_NUM,ADDR_ID) values ('O43','josh@csci585.edu',75,to_date('18-JUL-13','DD-MON-RR'),to_date('19-JUL-13','DD-MON-RR'),to_date('22-JUL-13','DD-MON-RR'),to_date('23-JUL-13','DD-MON-RR'),12345720,'A12');
Insert into ORDERS (ORDER_ID,EMAIL,TOTAL_PRICE,PLACE_TIME,SHIPPED_TIME,ESTI_ARRI_TIME,SIGNED_TIME,TRACKING_NUM,ADDR_ID) values ('O44','tom@csci585.edu',24,to_date('19-JUL-13','DD-MON-RR'),to_date('20-JUL-13','DD-MON-RR'),to_date('23-JUL-13','DD-MON-RR'),to_date('24-JUL-13','DD-MON-RR'),12345721,'A13');
Insert into ORDERS (ORDER_ID,EMAIL,TOTAL_PRICE,PLACE_TIME,SHIPPED_TIME,ESTI_ARRI_TIME,SIGNED_TIME,TRACKING_NUM,ADDR_ID) values ('O45','tom@csci585.edu',18,to_date('20-JUL-13','DD-MON-RR'),to_date('21-JUL-13','DD-MON-RR'),to_date('24-JUL-13','DD-MON-RR'),to_date('25-JUL-13','DD-MON-RR'),12345722,'A13');
Insert into ORDERS (ORDER_ID,EMAIL,TOTAL_PRICE,PLACE_TIME,SHIPPED_TIME,ESTI_ARRI_TIME,SIGNED_TIME,TRACKING_NUM,ADDR_ID) values ('O46','serina@usc.edu',250,to_date('21-JUL-13','DD-MON-RR'),to_date('22-JUL-13','DD-MON-RR'),to_date('25-JUL-13','DD-MON-RR'),to_date('26-JUL-13','DD-MON-RR'),12345723,'A14');
Insert into ORDERS (ORDER_ID,EMAIL,TOTAL_PRICE,PLACE_TIME,SHIPPED_TIME,ESTI_ARRI_TIME,SIGNED_TIME,TRACKING_NUM,ADDR_ID) values ('O47','serina@usc.edu',330,to_date('22-JUL-13','DD-MON-RR'),to_date('23-JUL-13','DD-MON-RR'),to_date('26-JUL-13','DD-MON-RR'),to_date('27-JUL-13','DD-MON-RR'),12345724,'A14');
Insert into ORDERS (ORDER_ID,EMAIL,TOTAL_PRICE,PLACE_TIME,SHIPPED_TIME,ESTI_ARRI_TIME,SIGNED_TIME,TRACKING_NUM,ADDR_ID) values ('O48','serina@usc.edu',15,to_date('23-JUL-13','DD-MON-RR'),to_date('24-JUL-13','DD-MON-RR'),to_date('27-JUL-13','DD-MON-RR'),to_date('28-JUL-13','DD-MON-RR'),12345725,'A14');
Insert into ORDERS (ORDER_ID,EMAIL,TOTAL_PRICE,PLACE_TIME,SHIPPED_TIME,ESTI_ARRI_TIME,SIGNED_TIME,TRACKING_NUM,ADDR_ID) values ('O49','serina@usc.edu',270,to_date('24-JUL-13','DD-MON-RR'),to_date('25-JUL-13','DD-MON-RR'),to_date('28-JUL-13','DD-MON-RR'),to_date('29-JUL-13','DD-MON-RR'),12345726,'A14');
Insert into ORDERS (ORDER_ID,EMAIL,TOTAL_PRICE,PLACE_TIME,SHIPPED_TIME,ESTI_ARRI_TIME,SIGNED_TIME,TRACKING_NUM,ADDR_ID) values ('O50','serina@usc.edu',215,to_date('25-JUL-13','DD-MON-RR'),to_date('26-JUL-13','DD-MON-RR'),to_date('29-JUL-13','DD-MON-RR'),to_date('30-JUL-13','DD-MON-RR'),12345727,'A14');
REM INSERTING into ORDER_CONTAINS_PRODUCTS
SET DEFINE OFF;
Insert into ORDER_CONTAINS_PRODUCTS (ORDER_ID,PROD_ID,QUANTITY) values ('O1','Pro1',3);
Insert into ORDER_CONTAINS_PRODUCTS (ORDER_ID,PROD_ID,QUANTITY) values ('O1','Pro2',1);
Insert into ORDER_CONTAINS_PRODUCTS (ORDER_ID,PROD_ID,QUANTITY) values ('O2','Pro2',2);
Insert into ORDER_CONTAINS_PRODUCTS (ORDER_ID,PROD_ID,QUANTITY) values ('O2','Pro19',1);
Insert into ORDER_CONTAINS_PRODUCTS (ORDER_ID,PROD_ID,QUANTITY) values ('O3','Pro3',1);
Insert into ORDER_CONTAINS_PRODUCTS (ORDER_ID,PROD_ID,QUANTITY) values ('O3','Pro5',2);
Insert into ORDER_CONTAINS_PRODUCTS (ORDER_ID,PROD_ID,QUANTITY) values ('O4','Pro4',2);
Insert into ORDER_CONTAINS_PRODUCTS (ORDER_ID,PROD_ID,QUANTITY) values ('O5','Pro16',3);
Insert into ORDER_CONTAINS_PRODUCTS (ORDER_ID,PROD_ID,QUANTITY) values ('O5','Pro17',1);
Insert into ORDER_CONTAINS_PRODUCTS (ORDER_ID,PROD_ID,QUANTITY) values ('O6','Pro1',3);
Insert into ORDER_CONTAINS_PRODUCTS (ORDER_ID,PROD_ID,QUANTITY) values ('O6','Pro5',4);
Insert into ORDER_CONTAINS_PRODUCTS (ORDER_ID,PROD_ID,QUANTITY) values ('O7','Pro3',1);
Insert into ORDER_CONTAINS_PRODUCTS (ORDER_ID,PROD_ID,QUANTITY) values ('O7','Pro6',2);
Insert into ORDER_CONTAINS_PRODUCTS (ORDER_ID,PROD_ID,QUANTITY) values ('O8','Pro4',2);
Insert into ORDER_CONTAINS_PRODUCTS (ORDER_ID,PROD_ID,QUANTITY) values ('O8','Pro6',1);
Insert into ORDER_CONTAINS_PRODUCTS (ORDER_ID,PROD_ID,QUANTITY) values ('O9','Pro10',2);
Insert into ORDER_CONTAINS_PRODUCTS (ORDER_ID,PROD_ID,QUANTITY) values ('O10','Pro7',1);
Insert into ORDER_CONTAINS_PRODUCTS (ORDER_ID,PROD_ID,QUANTITY) values ('O10','Pro9',2);
Insert into ORDER_CONTAINS_PRODUCTS (ORDER_ID,PROD_ID,QUANTITY) values ('O11','Pro8',5);
Insert into ORDER_CONTAINS_PRODUCTS (ORDER_ID,PROD_ID,QUANTITY) values ('O11','Pro9',5);
Insert into ORDER_CONTAINS_PRODUCTS (ORDER_ID,PROD_ID,QUANTITY) values ('O12','Pro1',2);
Insert into ORDER_CONTAINS_PRODUCTS (ORDER_ID,PROD_ID,QUANTITY) values ('O12','Pro3',2);
Insert into ORDER_CONTAINS_PRODUCTS (ORDER_ID,PROD_ID,QUANTITY) values ('O13','Pro10',5);
Insert into ORDER_CONTAINS_PRODUCTS (ORDER_ID,PROD_ID,QUANTITY) values ('O14','Pro8',5);
Insert into ORDER_CONTAINS_PRODUCTS (ORDER_ID,PROD_ID,QUANTITY) values ('O14','Pro9',5);
Insert into ORDER_CONTAINS_PRODUCTS (ORDER_ID,PROD_ID,QUANTITY) values ('O15','Pro18',2);
Insert into ORDER_CONTAINS_PRODUCTS (ORDER_ID,PROD_ID,QUANTITY) values ('O16','Pro18',1);
Insert into ORDER_CONTAINS_PRODUCTS (ORDER_ID,PROD_ID,QUANTITY) values ('O17','Pro19',2);
Insert into ORDER_CONTAINS_PRODUCTS (ORDER_ID,PROD_ID,QUANTITY) values ('O18','Pro20',2);
Insert into ORDER_CONTAINS_PRODUCTS (ORDER_ID,PROD_ID,QUANTITY) values ('O19','Pro18',1);
Insert into ORDER_CONTAINS_PRODUCTS (ORDER_ID,PROD_ID,QUANTITY) values ('O20','Pro17',2);
Insert into ORDER_CONTAINS_PRODUCTS (ORDER_ID,PROD_ID,QUANTITY) values ('O21','Pro8',5);
Insert into ORDER_CONTAINS_PRODUCTS (ORDER_ID,PROD_ID,QUANTITY) values ('O21','Pro9',5);
Insert into ORDER_CONTAINS_PRODUCTS (ORDER_ID,PROD_ID,QUANTITY) values ('O22','Pro16',3);
Insert into ORDER_CONTAINS_PRODUCTS (ORDER_ID,PROD_ID,QUANTITY) values ('O22','Pro17',1);
Insert into ORDER_CONTAINS_PRODUCTS (ORDER_ID,PROD_ID,QUANTITY) values ('O23','Pro6',3);
Insert into ORDER_CONTAINS_PRODUCTS (ORDER_ID,PROD_ID,QUANTITY) values ('O24','Pro7',1);
Insert into ORDER_CONTAINS_PRODUCTS (ORDER_ID,PROD_ID,QUANTITY) values ('O24','Pro9',2);
Insert into ORDER_CONTAINS_PRODUCTS (ORDER_ID,PROD_ID,QUANTITY) values ('O25','Pro8',5);
Insert into ORDER_CONTAINS_PRODUCTS (ORDER_ID,PROD_ID,QUANTITY) values ('O26','Pro1',2);
Insert into ORDER_CONTAINS_PRODUCTS (ORDER_ID,PROD_ID,QUANTITY) values ('O26','Pro2',2);
Insert into ORDER_CONTAINS_PRODUCTS (ORDER_ID,PROD_ID,QUANTITY) values ('O27','Pro3',2);
Insert into ORDER_CONTAINS_PRODUCTS (ORDER_ID,PROD_ID,QUANTITY) values ('O27','Pro4',2);
Insert into ORDER_CONTAINS_PRODUCTS (ORDER_ID,PROD_ID,QUANTITY) values ('O28','Pro4',2);
Insert into ORDER_CONTAINS_PRODUCTS (ORDER_ID,PROD_ID,QUANTITY) values ('O28','Pro5',2);
Insert into ORDER_CONTAINS_PRODUCTS (ORDER_ID,PROD_ID,QUANTITY) values ('O29','Pro9',5);
Insert into ORDER_CONTAINS_PRODUCTS (ORDER_ID,PROD_ID,QUANTITY) values ('O30','Pro1',5);
Insert into ORDER_CONTAINS_PRODUCTS (ORDER_ID,PROD_ID,QUANTITY) values ('O30','Pro2',2);
Insert into ORDER_CONTAINS_PRODUCTS (ORDER_ID,PROD_ID,QUANTITY) values ('O31','Pro8',1);
Insert into ORDER_CONTAINS_PRODUCTS (ORDER_ID,PROD_ID,QUANTITY) values ('O31','Pro9',1);
Insert into ORDER_CONTAINS_PRODUCTS (ORDER_ID,PROD_ID,QUANTITY) values ('O32','Pro4',5);
Insert into ORDER_CONTAINS_PRODUCTS (ORDER_ID,PROD_ID,QUANTITY) values ('O32','Pro5',5);
Insert into ORDER_CONTAINS_PRODUCTS (ORDER_ID,PROD_ID,QUANTITY) values ('O33','Pro8',2);
Insert into ORDER_CONTAINS_PRODUCTS (ORDER_ID,PROD_ID,QUANTITY) values ('O33','Pro11',10);
Insert into ORDER_CONTAINS_PRODUCTS (ORDER_ID,PROD_ID,QUANTITY) values ('O34','Pro11',2);
Insert into ORDER_CONTAINS_PRODUCTS (ORDER_ID,PROD_ID,QUANTITY) values ('O34','Pro12',2);
Insert into ORDER_CONTAINS_PRODUCTS (ORDER_ID,PROD_ID,QUANTITY) values ('O35','Pro8',5);
Insert into ORDER_CONTAINS_PRODUCTS (ORDER_ID,PROD_ID,QUANTITY) values ('O36','Pro7',2);
Insert into ORDER_CONTAINS_PRODUCTS (ORDER_ID,PROD_ID,QUANTITY) values ('O37','Pro18',5);
Insert into ORDER_CONTAINS_PRODUCTS (ORDER_ID,PROD_ID,QUANTITY) values ('O38','Pro16',1);
Insert into ORDER_CONTAINS_PRODUCTS (ORDER_ID,PROD_ID,QUANTITY) values ('O39','Pro19',3);
Insert into ORDER_CONTAINS_PRODUCTS (ORDER_ID,PROD_ID,QUANTITY) values ('O40','Pro12',1);
Insert into ORDER_CONTAINS_PRODUCTS (ORDER_ID,PROD_ID,QUANTITY) values ('O41','Pro18',1);
Insert into ORDER_CONTAINS_PRODUCTS (ORDER_ID,PROD_ID,QUANTITY) values ('O42','Pro17',2);
Insert into ORDER_CONTAINS_PRODUCTS (ORDER_ID,PROD_ID,QUANTITY) values ('O43','Pro19',1);
Insert into ORDER_CONTAINS_PRODUCTS (ORDER_ID,PROD_ID,QUANTITY) values ('O44','Pro11',2);
Insert into ORDER_CONTAINS_PRODUCTS (ORDER_ID,PROD_ID,QUANTITY) values ('O45','Pro12',2);
Insert into ORDER_CONTAINS_PRODUCTS (ORDER_ID,PROD_ID,QUANTITY) values ('O46','Pro16',1);
Insert into ORDER_CONTAINS_PRODUCTS (ORDER_ID,PROD_ID,QUANTITY) values ('O46','Pro17',2);
Insert into ORDER_CONTAINS_PRODUCTS (ORDER_ID,PROD_ID,QUANTITY) values ('O47','Pro15',1);
Insert into ORDER_CONTAINS_PRODUCTS (ORDER_ID,PROD_ID,QUANTITY) values ('O48','Pro14',1);
Insert into ORDER_CONTAINS_PRODUCTS (ORDER_ID,PROD_ID,QUANTITY) values ('O49','Pro16',1);
Insert into ORDER_CONTAINS_PRODUCTS (ORDER_ID,PROD_ID,QUANTITY) values ('O49','Pro19',2);
Insert into ORDER_CONTAINS_PRODUCTS (ORDER_ID,PROD_ID,QUANTITY) values ('O50','Pro20',1);
REM INSERTING into PHOTOS
SET DEFINE OFF;
Insert into PHOTOS (PHOTO_ID,UPLOAD_TIME,DESCRIPTION) values ('Pho1',to_date('12-DEC-12','DD-MON-RR'),'profile photo');
Insert into PHOTOS (PHOTO_ID,UPLOAD_TIME,DESCRIPTION) values ('Pho2',to_date('13-DEC-12','DD-MON-RR'),'profile photo');
Insert into PHOTOS (PHOTO_ID,UPLOAD_TIME,DESCRIPTION) values ('Pho3',to_date('14-DEC-12','DD-MON-RR'),'profile photo');
Insert into PHOTOS (PHOTO_ID,UPLOAD_TIME,DESCRIPTION) values ('Pho4',to_date('15-DEC-12','DD-MON-RR'),'profile photo');
Insert into PHOTOS (PHOTO_ID,UPLOAD_TIME,DESCRIPTION) values ('Pho5',to_date('16-DEC-12','DD-MON-RR'),'profile photo');
Insert into PHOTOS (PHOTO_ID,UPLOAD_TIME,DESCRIPTION) values ('Pho6',to_date('17-DEC-12','DD-MON-RR'),'profile photo');
Insert into PHOTOS (PHOTO_ID,UPLOAD_TIME,DESCRIPTION) values ('Pho7',to_date('18-DEC-12','DD-MON-RR'),'profile photo');
Insert into PHOTOS (PHOTO_ID,UPLOAD_TIME,DESCRIPTION) values ('Pho8',to_date('19-DEC-12','DD-MON-RR'),'profile photo');
Insert into PHOTOS (PHOTO_ID,UPLOAD_TIME,DESCRIPTION) values ('Pho9',to_date('20-DEC-12','DD-MON-RR'),'profile photo');
Insert into PHOTOS (PHOTO_ID,UPLOAD_TIME,DESCRIPTION) values ('Pho13',to_date('24-DEC-12','DD-MON-RR'),'product photo');
Insert into PHOTOS (PHOTO_ID,UPLOAD_TIME,DESCRIPTION) values ('Pho14',to_date('25-DEC-12','DD-MON-RR'),'product photo');
Insert into PHOTOS (PHOTO_ID,UPLOAD_TIME,DESCRIPTION) values ('Pho15',to_date('26-DEC-12','DD-MON-RR'),'product photo');
Insert into PHOTOS (PHOTO_ID,UPLOAD_TIME,DESCRIPTION) values ('Pho16',to_date('27-DEC-12','DD-MON-RR'),'product photo');
Insert into PHOTOS (PHOTO_ID,UPLOAD_TIME,DESCRIPTION) values ('Pho17',to_date('28-DEC-12','DD-MON-RR'),'product photo');
Insert into PHOTOS (PHOTO_ID,UPLOAD_TIME,DESCRIPTION) values ('Pho18',to_date('29-DEC-12','DD-MON-RR'),'product photo');
Insert into PHOTOS (PHOTO_ID,UPLOAD_TIME,DESCRIPTION) values ('Pho19',to_date('30-DEC-12','DD-MON-RR'),'product photo');
Insert into PHOTOS (PHOTO_ID,UPLOAD_TIME,DESCRIPTION) values ('Pho20',to_date('31-DEC-12','DD-MON-RR'),'product photo');
Insert into PHOTOS (PHOTO_ID,UPLOAD_TIME,DESCRIPTION) values ('Pho21',to_date('01-JAN-13','DD-MON-RR'),'product photo');
Insert into PHOTOS (PHOTO_ID,UPLOAD_TIME,DESCRIPTION) values ('Pho22',to_date('02-JAN-13','DD-MON-RR'),'product photo');
Insert into PHOTOS (PHOTO_ID,UPLOAD_TIME,DESCRIPTION) values ('Pho23',to_date('03-JAN-13','DD-MON-RR'),'product photo');
Insert into PHOTOS (PHOTO_ID,UPLOAD_TIME,DESCRIPTION) values ('Pho24',to_date('04-JAN-13','DD-MON-RR'),'product photo');
Insert into PHOTOS (PHOTO_ID,UPLOAD_TIME,DESCRIPTION) values ('Pho25',to_date('05-JAN-13','DD-MON-RR'),'product photo');
Insert into PHOTOS (PHOTO_ID,UPLOAD_TIME,DESCRIPTION) values ('Pho26',to_date('06-JAN-13','DD-MON-RR'),'product photo');
Insert into PHOTOS (PHOTO_ID,UPLOAD_TIME,DESCRIPTION) values ('Pho27',to_date('07-JAN-13','DD-MON-RR'),'product photo');
Insert into PHOTOS (PHOTO_ID,UPLOAD_TIME,DESCRIPTION) values ('Pho28',to_date('08-JAN-13','DD-MON-RR'),'product photo');
Insert into PHOTOS (PHOTO_ID,UPLOAD_TIME,DESCRIPTION) values ('Pho29',to_date('09-JAN-13','DD-MON-RR'),'product photo');
Insert into PHOTOS (PHOTO_ID,UPLOAD_TIME,DESCRIPTION) values ('Pho30',to_date('10-JAN-13','DD-MON-RR'),'product photo');
Insert into PHOTOS (PHOTO_ID,UPLOAD_TIME,DESCRIPTION) values ('Pho31',to_date('11-JAN-13','DD-MON-RR'),'product photo');
Insert into PHOTOS (PHOTO_ID,UPLOAD_TIME,DESCRIPTION) values ('Pho32',to_date('12-JAN-13','DD-MON-RR'),'product photo');
Insert into PHOTOS (PHOTO_ID,UPLOAD_TIME,DESCRIPTION) values ('Pho33',to_date('13-JAN-13','DD-MON-RR'),'product photo');
Insert into PHOTOS (PHOTO_ID,UPLOAD_TIME,DESCRIPTION) values ('Pho34',to_date('14-JAN-13','DD-MON-RR'),'product photo');
Insert into PHOTOS (PHOTO_ID,UPLOAD_TIME,DESCRIPTION) values ('Pho35',to_date('15-JAN-13','DD-MON-RR'),'product photo');
Insert into PHOTOS (PHOTO_ID,UPLOAD_TIME,DESCRIPTION) values ('Pho36',to_date('16-JAN-13','DD-MON-RR'),'product photo');
Insert into PHOTOS (PHOTO_ID,UPLOAD_TIME,DESCRIPTION) values ('Pho37',to_date('17-JAN-13','DD-MON-RR'),'product photo');
Insert into PHOTOS (PHOTO_ID,UPLOAD_TIME,DESCRIPTION) values ('Pho38',to_date('18-JAN-13','DD-MON-RR'),'product photo');
Insert into PHOTOS (PHOTO_ID,UPLOAD_TIME,DESCRIPTION) values ('Pho39',to_date('19-JAN-13','DD-MON-RR'),'product photo');
Insert into PHOTOS (PHOTO_ID,UPLOAD_TIME,DESCRIPTION) values ('Pho40',to_date('20-JAN-13','DD-MON-RR'),'product photo');
REM INSERTING into PRODUCTS
SET DEFINE OFF;
Insert into PRODUCTS (PROD_ID,CATEGORY,NAME,BRAND,PRICE) values ('Pro1','Clothing','Tommy Bahama ''Sail Hawaii'' Cover-Up T-Shirt    
Dress','Tommy Bahama',88);
Insert into PRODUCTS (PROD_ID,CATEGORY,NAME,BRAND,PRICE) values ('Pro2','Clothing','Nike ''Pro Hyperwarm'' Training Top','Nike',65);
Insert into PRODUCTS (PROD_ID,CATEGORY,NAME,BRAND,PRICE) values ('Pro3','Clothing','Olive & Oak Faux Leather Sleeve Collarless Jacket','Olive 
& Oak',102);
Insert into PRODUCTS (PROD_ID,CATEGORY,NAME,BRAND,PRICE) values ('Pro4','Clothing','Hard Tail ''Frolic'' Asymmetric Top','Hard Tail',78);
Insert into PRODUCTS (PROD_ID,CATEGORY,NAME,BRAND,PRICE) values ('Pro5','Clothing','Gallery Turnkey Quilted Jacket ','Gallery',116);
Insert into PRODUCTS (PROD_ID,CATEGORY,NAME,BRAND,PRICE) values ('Pro6','Beauty','butter LONDON WINK Mascara','butter LONDON',20);
Insert into PRODUCTS (PROD_ID,CATEGORY,NAME,BRAND,PRICE) values ('Pro7','Beauty','Tarte LipSurgence Natural Matte Lip Tint','butter 
LONDON',24);
Insert into PRODUCTS (PROD_ID,CATEGORY,NAME,BRAND,PRICE) values ('Pro8','Beauty','Dramatically Different Moisturizing Gel','Clinique',26);
Insert into PRODUCTS (PROD_ID,CATEGORY,NAME,BRAND,PRICE) values ('Pro9','Beauty','Liquid Facial Soap','Clinique',17);
Insert into PRODUCTS (PROD_ID,CATEGORY,NAME,BRAND,PRICE) values ('Pro10','Beauty','Advanced Night Repair Synchronized Recovery Complex 
II Collection','Estee Lauder',120);
Insert into PRODUCTS (PROD_ID,CATEGORY,NAME,BRAND,PRICE) values ('Pro11','Home & Kitchen','Sparkle Paper Towels, Print, 12 Large 
Rolls','Sparkle',12);
Insert into PRODUCTS (PROD_ID,CATEGORY,NAME,BRAND,PRICE) values ('Pro12','Home & Kitchen','Duster Brush','Sparkle',9);
Insert into PRODUCTS (PROD_ID,CATEGORY,NAME,BRAND,PRICE) values ('Pro13','Home & Kitchen','Lasko 5624 Low Profile Silent Room Heater, 
Black','Lasko',52);
Insert into PRODUCTS (PROD_ID,CATEGORY,NAME,BRAND,PRICE) values ('Pro14','Home & Kitchen','Lasko 2004W 2-Speed Clip Fan, 6-Inch,    
White','Lasko',15);
Insert into PRODUCTS (PROD_ID,CATEGORY,NAME,BRAND,PRICE) values ('Pro15','Home & Kitchen','Coaster Futon Sofa Bed with Removable Arm 
Rests, Brown Vinyl','Coaster Home Furnishings',330);
Insert into PRODUCTS (PROD_ID,CATEGORY,NAME,BRAND,PRICE) values ('Pro16','Electronics','Dell Inspiron i660s-1231BK Desktop','Dell',120);
Insert into PRODUCTS (PROD_ID,CATEGORY,NAME,BRAND,PRICE) values ('Pro17','Electronics','Apple Wireless Keyboard MC184LL/B','Apple',65);
Insert into PRODUCTS (PROD_ID,CATEGORY,NAME,BRAND,PRICE) values ('Pro18','Electronics','Sony HDRCX240/L Video Camera with 2.7-Inch    
LCD','Sony',228);
Insert into PRODUCTS (PROD_ID,CATEGORY,NAME,BRAND,PRICE) values ('Pro19','Electronics','Sony SmartWatch US version 1 Android Bluetooth 
USB Retail Box','Sony',75);
Insert into PRODUCTS (PROD_ID,CATEGORY,NAME,BRAND,PRICE) values ('Pro20','Electronics','Apple iPod touch 16GB White','Apple',215);
REM INSERTING into PRODUCT_HAS_PHOTOS
SET DEFINE OFF;
Insert into PRODUCT_HAS_PHOTOS (PHOTO_ID,PROD_ID) values ('Pho13','Pro1');
Insert into PRODUCT_HAS_PHOTOS (PHOTO_ID,PROD_ID) values ('Pho14','Pro1');
Insert into PRODUCT_HAS_PHOTOS (PHOTO_ID,PROD_ID) values ('Pho15','Pro1');
Insert into PRODUCT_HAS_PHOTOS (PHOTO_ID,PROD_ID) values ('Pho16','Pro2');
Insert into PRODUCT_HAS_PHOTOS (PHOTO_ID,PROD_ID) values ('Pho17','Pro2');
Insert into PRODUCT_HAS_PHOTOS (PHOTO_ID,PROD_ID) values ('Pho18','Pro3');
Insert into PRODUCT_HAS_PHOTOS (PHOTO_ID,PROD_ID) values ('Pho19','Pro3');
Insert into PRODUCT_HAS_PHOTOS (PHOTO_ID,PROD_ID) values ('Pho20','Pro4');
Insert into PRODUCT_HAS_PHOTOS (PHOTO_ID,PROD_ID) values ('Pho21','Pro5');
Insert into PRODUCT_HAS_PHOTOS (PHOTO_ID,PROD_ID) values ('Pho22','Pro6');
Insert into PRODUCT_HAS_PHOTOS (PHOTO_ID,PROD_ID) values ('Pho23','Pro7');
Insert into PRODUCT_HAS_PHOTOS (PHOTO_ID,PROD_ID) values ('Pho24','Pro7');
Insert into PRODUCT_HAS_PHOTOS (PHOTO_ID,PROD_ID) values ('Pho25','Pro8');
Insert into PRODUCT_HAS_PHOTOS (PHOTO_ID,PROD_ID) values ('Pho26','Pro9');
Insert into PRODUCT_HAS_PHOTOS (PHOTO_ID,PROD_ID) values ('Pho27','Pro9');
Insert into PRODUCT_HAS_PHOTOS (PHOTO_ID,PROD_ID) values ('Pho28','Pro10');
Insert into PRODUCT_HAS_PHOTOS (PHOTO_ID,PROD_ID) values ('Pho29','Pro10');
Insert into PRODUCT_HAS_PHOTOS (PHOTO_ID,PROD_ID) values ('Pho30','Pro10');
Insert into PRODUCT_HAS_PHOTOS (PHOTO_ID,PROD_ID) values ('Pho31','Pro11');
Insert into PRODUCT_HAS_PHOTOS (PHOTO_ID,PROD_ID) values ('Pho32','Pro12');
Insert into PRODUCT_HAS_PHOTOS (PHOTO_ID,PROD_ID) values ('Pho33','Pro13');
Insert into PRODUCT_HAS_PHOTOS (PHOTO_ID,PROD_ID) values ('Pho34','Pro14');
Insert into PRODUCT_HAS_PHOTOS (PHOTO_ID,PROD_ID) values ('Pho35','Pro15');
Insert into PRODUCT_HAS_PHOTOS (PHOTO_ID,PROD_ID) values ('Pho36','Pro16');
Insert into PRODUCT_HAS_PHOTOS (PHOTO_ID,PROD_ID) values ('Pho37','Pro17');
Insert into PRODUCT_HAS_PHOTOS (PHOTO_ID,PROD_ID) values ('Pho38','Pro18');
Insert into PRODUCT_HAS_PHOTOS (PHOTO_ID,PROD_ID) values ('Pho39','Pro19');
Insert into PRODUCT_HAS_PHOTOS (PHOTO_ID,PROD_ID) values ('Pho40','Pro20');
REM INSERTING into REVIEWS
SET DEFINE OFF;
Insert into REVIEWS (REVW_ID,EMAIL,PROD_ID,POSTED_TIME,RATING,CONTENT) values ('R1','angelina@csci585.edu','Pro1',to_date('01-JAN-14','DD-MON-RR'),4,'A good product');
Insert into REVIEWS (REVW_ID,EMAIL,PROD_ID,POSTED_TIME,RATING,CONTENT) values ('R2','jen@csci585.edu','Pro6',to_date('02-JAN-14','DD-MON-RR'),2,'Fine');
Insert into REVIEWS (REVW_ID,EMAIL,PROD_ID,POSTED_TIME,RATING,CONTENT) values ('R3','angelina@csci585.edu','Pro3',to_date('03-JAN-14','DD-MON-RR'),3,'Reasonable');
Insert into REVIEWS (REVW_ID,EMAIL,PROD_ID,POSTED_TIME,RATING,CONTENT) values ('R4','brad@csci585.edu','Pro12',to_date('04-JAN-14','DD-MON-RR'),4,'Good quanlity and cheap price');
Insert into REVIEWS (REVW_ID,EMAIL,PROD_ID,POSTED_TIME,RATING,CONTENT) values ('R5','andre@csci585.edu','Pro13',to_date('05-JAN-14','DD-MON-RR'),5,'A great product');
Insert into REVIEWS (REVW_ID,EMAIL,PROD_ID,POSTED_TIME,RATING,CONTENT) values ('R6','jen@csci585.edu','Pro7',to_date('06-JAN-14','DD-MON-RR'),4,'A good product');
Insert into REVIEWS (REVW_ID,EMAIL,PROD_ID,POSTED_TIME,RATING,CONTENT) values ('R7','angelina@csci585.edu','Pro14',to_date('07-JAN-14','DD-MON-RR'),2,'Just so so');
Insert into REVIEWS (REVW_ID,EMAIL,PROD_ID,POSTED_TIME,RATING,CONTENT) values ('R8','andre@csci585.edu','Pro2',to_date('08-JAN-14','DD-MON-RR'),3,'That''s OK');
Insert into REVIEWS (REVW_ID,EMAIL,PROD_ID,POSTED_TIME,RATING,CONTENT) values ('R9','jen@csci585.edu','Pro16',to_date('09-JAN-14','DD-MON-RR'),4,'A good product');
Insert into REVIEWS (REVW_ID,EMAIL,PROD_ID,POSTED_TIME,RATING,CONTENT) values ('R10','brad@csci585.edu','Pro4',to_date('10-JAN-14','DD-MON-RR'),3,'fine');
Insert into REVIEWS (REVW_ID,EMAIL,PROD_ID,POSTED_TIME,RATING,CONTENT) values ('R11','angelina@csci585.edu','Pro17',to_date('11-JAN-14','DD-MON-RR'),2,'Just so so');
Insert into REVIEWS (REVW_ID,EMAIL,PROD_ID,POSTED_TIME,RATING,CONTENT) values ('R12','brad@csci585.edu','Pro8',to_date('12-JAN-14','DD-MON-RR'),5,'A wonderful product with cheap price');
Insert into REVIEWS (REVW_ID,EMAIL,PROD_ID,POSTED_TIME,RATING,CONTENT) values ('R13','brad@csci585.edu','Pro5',to_date('13-JAN-14','DD-MON-RR'),3,'It works fine');
Insert into REVIEWS (REVW_ID,EMAIL,PROD_ID,POSTED_TIME,RATING,CONTENT) values ('R14','miley@csci585.edu','Pro15',to_date('14-JAN-14','DD-MON-RR'),4,'It is great!');
Insert into REVIEWS (REVW_ID,EMAIL,PROD_ID,POSTED_TIME,RATING,CONTENT) values ('R15','josh@csci585.edu','Pro1',to_date('15-JAN-14','DD-MON-RR'),5,'A great product');
Insert into REVIEWS (REVW_ID,EMAIL,PROD_ID,POSTED_TIME,RATING,CONTENT) values ('R16','hope@csci585.edu','Pro3',to_date('16-JAN-14','DD-MON-RR'),4,'good');
Insert into REVIEWS (REVW_ID,EMAIL,PROD_ID,POSTED_TIME,RATING,CONTENT) values ('R17','angelina@csci585.edu','Pro19',to_date('17-JAN-14','DD-MON-RR'),2,'Just so so');
Insert into REVIEWS (REVW_ID,EMAIL,PROD_ID,POSTED_TIME,RATING,CONTENT) values ('R18','brad@csci585.edu','Pro18',to_date('18-JAN-14','DD-MON-RR'),3,'That''s OK');
Insert into REVIEWS (REVW_ID,EMAIL,PROD_ID,POSTED_TIME,RATING,CONTENT) values ('R19','hope@csci585.edu','Pro4',to_date('19-JAN-14','DD-MON-RR'),4,'Good quanlity and cheap price');
Insert into REVIEWS (REVW_ID,EMAIL,PROD_ID,POSTED_TIME,RATING,CONTENT) values ('R20','angelina@csci585.edu','Pro4',to_date('20-JAN-14','DD-MON-RR'),5,'A wonderful product with cheap price');
REM INSERTING into SELLERS
SET DEFINE OFF;
Insert into SELLERS (EMAIL,FNAME,LNAME,BIRTHDATE,NICKNAME,GENDER,ACCOUNT_NUM,EXPIRED_DATE,CSC,JOIN_TIME,ADDR_ID,PHOTO_ID,PASSWD) values ('al@csci585.edu','Alfredo','Pacino','4/25/1970','Alfredo1','F','1234-5678-2564-3212','Apr-2015',213,to_date('27-JAN-14','DD-MON-RR'),'A1','Pho1','12345');
Insert into SELLERS (EMAIL,FNAME,LNAME,BIRTHDATE,NICKNAME,GENDER,ACCOUNT_NUM,EXPIRED_DATE,CSC,JOIN_TIME,ADDR_ID,PHOTO_ID,PASSWD) values ('bill@csci585.edu','Bill','Gates','10/28/1955','Bill1','M','1234-5678-2564-3214','Jun-2015',888,to_date('29-JAN-14','DD-MON-RR'),'A3','Pho3','12345');
Insert into SELLERS (EMAIL,FNAME,LNAME,BIRTHDATE,NICKNAME,GENDER,ACCOUNT_NUM,EXPIRED_DATE,CSC,JOIN_TIME,ADDR_ID,PHOTO_ID,PASSWD) values ('miley@csci585.edu','Miley','Cyrus','11/23/1992','Miley1','M','1234-5678-2564-3215','Jul-2015',555,to_date('30-JAN-14','DD-MON-RR'),'A4','Pho4','12345');
Insert into SELLERS (EMAIL,FNAME,LNAME,BIRTHDATE,NICKNAME,GENDER,ACCOUNT_NUM,EXPIRED_DATE,CSC,JOIN_TIME,ADDR_ID,PHOTO_ID,PASSWD) values ('steve@csci585.edu','Steve','Jobs','2/24/1955','Steve1','M','1234-5678-2564-3213','May-2015',545,to_date('28-JAN-14','DD-MON-RR'),'A2','Pho2','12345');
REM INSERTING into SELLER_PROVIDES_PRODUCTS
SET DEFINE OFF;
Insert into SELLER_PROVIDES_PRODUCTS (PROD_ID,EMAIL,QUANTITY) values ('Pro1','al@csci585.edu',100);
Insert into SELLER_PROVIDES_PRODUCTS (PROD_ID,EMAIL,QUANTITY) values ('Pro2','al@csci585.edu',100);
Insert into SELLER_PROVIDES_PRODUCTS (PROD_ID,EMAIL,QUANTITY) values ('Pro3','steve@csci585.edu',100);
Insert into SELLER_PROVIDES_PRODUCTS (PROD_ID,EMAIL,QUANTITY) values ('Pro4','steve@csci585.edu',100);
Insert into SELLER_PROVIDES_PRODUCTS (PROD_ID,EMAIL,QUANTITY) values ('Pro5','al@csci585.edu',100);
Insert into SELLER_PROVIDES_PRODUCTS (PROD_ID,EMAIL,QUANTITY) values ('Pro6','bill@csci585.edu',100);
Insert into SELLER_PROVIDES_PRODUCTS (PROD_ID,EMAIL,QUANTITY) values ('Pro7','bill@csci585.edu',100);
Insert into SELLER_PROVIDES_PRODUCTS (PROD_ID,EMAIL,QUANTITY) values ('Pro8','bill@csci585.edu',100);
Insert into SELLER_PROVIDES_PRODUCTS (PROD_ID,EMAIL,QUANTITY) values ('Pro9','bill@csci585.edu',100);
Insert into SELLER_PROVIDES_PRODUCTS (PROD_ID,EMAIL,QUANTITY) values ('Pro10','steve@csci585.edu',100);
Insert into SELLER_PROVIDES_PRODUCTS (PROD_ID,EMAIL,QUANTITY) values ('Pro11','bill@csci585.edu',100);
Insert into SELLER_PROVIDES_PRODUCTS (PROD_ID,EMAIL,QUANTITY) values ('Pro12','bill@csci585.edu',100);
Insert into SELLER_PROVIDES_PRODUCTS (PROD_ID,EMAIL,QUANTITY) values ('Pro13','miley@csci585.edu',100);
Insert into SELLER_PROVIDES_PRODUCTS (PROD_ID,EMAIL,QUANTITY) values ('Pro14','miley@csci585.edu',100);
Insert into SELLER_PROVIDES_PRODUCTS (PROD_ID,EMAIL,QUANTITY) values ('Pro15','bill@csci585.edu',100);
Insert into SELLER_PROVIDES_PRODUCTS (PROD_ID,EMAIL,QUANTITY) values ('Pro16','miley@csci585.edu',100);
Insert into SELLER_PROVIDES_PRODUCTS (PROD_ID,EMAIL,QUANTITY) values ('Pro17','miley@csci585.edu',100);
Insert into SELLER_PROVIDES_PRODUCTS (PROD_ID,EMAIL,QUANTITY) values ('Pro18','al@csci585.edu',100);
Insert into SELLER_PROVIDES_PRODUCTS (PROD_ID,EMAIL,QUANTITY) values ('Pro19','miley@csci585.edu',100);
Insert into SELLER_PROVIDES_PRODUCTS (PROD_ID,EMAIL,QUANTITY) values ('Pro20','al@csci585.edu',100);
--------------------------------------------------------
--  DDL for Index ADDR_IDX
--------------------------------------------------------

  CREATE INDEX "ADDR_IDX" ON "ADDRESSES" ("LOCATION") 
   INDEXTYPE IS "MDSYS"."SPATIAL_INDEX" ;
--------------------------------------------------------
--  DDL for Index ORDERS_PK
--------------------------------------------------------

  CREATE UNIQUE INDEX "ORDERS_PK" ON "ORDERS" ("ORDER_ID") 
  ;
--------------------------------------------------------
--  DDL for Index PHOTOS_PK
--------------------------------------------------------

  CREATE UNIQUE INDEX "PHOTOS_PK" ON "PHOTOS" ("PHOTO_ID") 
  ;
--------------------------------------------------------
--  DDL for Index SELLERS_PK
--------------------------------------------------------

  CREATE UNIQUE INDEX "SELLERS_PK" ON "SELLERS" ("EMAIL") 
  ;
--------------------------------------------------------
--  DDL for Index PRODUCTS_PK
--------------------------------------------------------

  CREATE UNIQUE INDEX "PRODUCTS_PK" ON "PRODUCTS" ("PROD_ID") 
  ;
--------------------------------------------------------
--  DDL for Index SELLER_PROVIDES_PRODUCTS_PK
--------------------------------------------------------

  CREATE UNIQUE INDEX "SELLER_PROVIDES_PRODUCTS_PK" ON "SELLER_PROVIDES_PRODUCTS" ("PROD_ID", "EMAIL") 
  ;
--------------------------------------------------------
--  DDL for Index PRODUCT_HAS_PHOTOS_PK
--------------------------------------------------------

  CREATE UNIQUE INDEX "PRODUCT_HAS_PHOTOS_PK" ON "PRODUCT_HAS_PHOTOS" ("PHOTO_ID", "PROD_ID") 
  ;
--------------------------------------------------------
--  DDL for Index CUSTOMERS_PK
--------------------------------------------------------

  CREATE UNIQUE INDEX "CUSTOMERS_PK" ON "CUSTOMERS" ("EMAIL") 
  ;
--------------------------------------------------------
--  DDL for Index ADDRESSES_PK
--------------------------------------------------------

  CREATE UNIQUE INDEX "ADDRESSES_PK" ON "ADDRESSES" ("ADDR_ID") 
  ;
--------------------------------------------------------
--  DDL for Index ORDER_CONTAINS_PRODUCTS_PK
--------------------------------------------------------

  CREATE UNIQUE INDEX "ORDER_CONTAINS_PRODUCTS_PK" ON "ORDER_CONTAINS_PRODUCTS" ("ORDER_ID", "PROD_ID") 
  ;
--------------------------------------------------------
--  DDL for Index INDEX_CATEGORY
--------------------------------------------------------

  CREATE INDEX "INDEX_CATEGORY" ON "PRODUCTS" ("CATEGORY") 
  ;
--------------------------------------------------------
--  DDL for Index REVIEWS_PK
--------------------------------------------------------

  CREATE UNIQUE INDEX "REVIEWS_PK" ON "REVIEWS" ("REVW_ID") 
  ;
--------------------------------------------------------
--  DDL for Index INDEX_PRICE
--------------------------------------------------------

  CREATE INDEX "INDEX_PRICE" ON "PRODUCTS" ("PRICE") 
  ;
--------------------------------------------------------
--  DDL for Index CUSTOMER_LIKES_REVIEW_PK
--------------------------------------------------------

  CREATE UNIQUE INDEX "CUSTOMER_LIKES_REVIEW_PK" ON "CUSTOMER_LIKES_REVIEW" ("EMAIL", "REVW_ID") 
  ;
--------------------------------------------------------
--  Constraints for Table PHOTOS
--------------------------------------------------------

  ALTER TABLE "PHOTOS" ADD CONSTRAINT "PHOTOS_PK" PRIMARY KEY ("PHOTO_ID") ENABLE;
 
  ALTER TABLE "PHOTOS" MODIFY ("PHOTO_ID" NOT NULL ENABLE);
--------------------------------------------------------
--  Constraints for Table ORDER_CONTAINS_PRODUCTS
--------------------------------------------------------

  ALTER TABLE "ORDER_CONTAINS_PRODUCTS" ADD CONSTRAINT "ORDER_CONTAINS_PRODUCTS_PK" PRIMARY KEY ("ORDER_ID", "PROD_ID") ENABLE;
 
  ALTER TABLE "ORDER_CONTAINS_PRODUCTS" MODIFY ("ORDER_ID" NOT NULL ENABLE);
 
  ALTER TABLE "ORDER_CONTAINS_PRODUCTS" MODIFY ("PROD_ID" NOT NULL ENABLE);
--------------------------------------------------------
--  Constraints for Table REVIEWS
--------------------------------------------------------

  ALTER TABLE "REVIEWS" ADD CONSTRAINT "REVIEWS_PK" PRIMARY KEY ("REVW_ID") ENABLE;

  ALTER TABLE "REVIEWS" ADD CONSTRAINT "REVIEWS_UK1" UNIQUE ("EMAIL", "PROD_ID") ENABLE;
 
  ALTER TABLE "REVIEWS" MODIFY ("REVW_ID" NOT NULL ENABLE);
--------------------------------------------------------
--  Constraints for Table PRODUCTS
--------------------------------------------------------

  ALTER TABLE "PRODUCTS" ADD CONSTRAINT "PRODUCTS_PK" PRIMARY KEY ("PROD_ID") ENABLE;
 
  ALTER TABLE "PRODUCTS" MODIFY ("PROD_ID" NOT NULL ENABLE);
--------------------------------------------------------
--  Constraints for Table ORDERS
--------------------------------------------------------

  ALTER TABLE "ORDERS" ADD CONSTRAINT "ORDERS_PK" PRIMARY KEY ("ORDER_ID") ENABLE;
 
  ALTER TABLE "ORDERS" MODIFY ("ORDER_ID" NOT NULL ENABLE);
--------------------------------------------------------
--  Constraints for Table SELLERS
--------------------------------------------------------

  ALTER TABLE "SELLERS" ADD CONSTRAINT "SELLERS_PK" PRIMARY KEY ("EMAIL") ENABLE;
 
  ALTER TABLE "SELLERS" MODIFY ("EMAIL" NOT NULL ENABLE);
--------------------------------------------------------
--  Constraints for Table PRODUCT_HAS_PHOTOS
--------------------------------------------------------

  ALTER TABLE "PRODUCT_HAS_PHOTOS" ADD CONSTRAINT "PRODUCT_HAS_PHOTOS_PK" PRIMARY KEY ("PHOTO_ID", "PROD_ID") ENABLE;
 
  ALTER TABLE "PRODUCT_HAS_PHOTOS" MODIFY ("PHOTO_ID" NOT NULL ENABLE);
 
  ALTER TABLE "PRODUCT_HAS_PHOTOS" MODIFY ("PROD_ID" NOT NULL ENABLE);
--------------------------------------------------------
--  Constraints for Table SELLER_PROVIDES_PRODUCTS
--------------------------------------------------------

  ALTER TABLE "SELLER_PROVIDES_PRODUCTS" ADD CONSTRAINT "SELLER_PROVIDES_PRODUCTS_PK" PRIMARY KEY ("PROD_ID", "EMAIL") ENABLE;
 
  ALTER TABLE "SELLER_PROVIDES_PRODUCTS" MODIFY ("PROD_ID" NOT NULL ENABLE);
 
  ALTER TABLE "SELLER_PROVIDES_PRODUCTS" MODIFY ("EMAIL" NOT NULL ENABLE);
--------------------------------------------------------
--  Constraints for Table ADDRESSES
--------------------------------------------------------

  ALTER TABLE "ADDRESSES" ADD CONSTRAINT "ADDRESSES_PK" PRIMARY KEY ("ADDR_ID") ENABLE;
 
  ALTER TABLE "ADDRESSES" MODIFY ("ADDR_ID" NOT NULL ENABLE);
--------------------------------------------------------
--  Constraints for Table CUSTOMER_LIKES_REVIEW
--------------------------------------------------------

  ALTER TABLE "CUSTOMER_LIKES_REVIEW" ADD CONSTRAINT "CUSTOMER_LIKES_REVIEW_PK" PRIMARY KEY ("EMAIL", "REVW_ID") ENABLE;
 
  ALTER TABLE "CUSTOMER_LIKES_REVIEW" MODIFY ("EMAIL" NOT NULL ENABLE);
 
  ALTER TABLE "CUSTOMER_LIKES_REVIEW" MODIFY ("REVW_ID" NOT NULL ENABLE);
--------------------------------------------------------
--  Constraints for Table CUSTOMERS
--------------------------------------------------------

  ALTER TABLE "CUSTOMERS" ADD CONSTRAINT "CUSTOMERS_PK" PRIMARY KEY ("EMAIL") ENABLE;
 
  ALTER TABLE "CUSTOMERS" MODIFY ("EMAIL" NOT NULL ENABLE);
--------------------------------------------------------
--  Ref Constraints for Table CUSTOMERS
--------------------------------------------------------

  ALTER TABLE "CUSTOMERS" ADD CONSTRAINT "CUSTOMERS_FK1" FOREIGN KEY ("ADDR_ID")
	  REFERENCES "ADDRESSES" ("ADDR_ID") ENABLE;
 
  ALTER TABLE "CUSTOMERS" ADD CONSTRAINT "CUSTOMERS_FK2" FOREIGN KEY ("PHOTO_ID")
	  REFERENCES "PHOTOS" ("PHOTO_ID") ENABLE;
--------------------------------------------------------
--  Ref Constraints for Table CUSTOMER_LIKES_REVIEW
--------------------------------------------------------

  ALTER TABLE "CUSTOMER_LIKES_REVIEW" ADD CONSTRAINT "CUSTOMER_LIKES_REVIEW_FK1" FOREIGN KEY ("REVW_ID")
	  REFERENCES "REVIEWS" ("REVW_ID") ENABLE;
 
  ALTER TABLE "CUSTOMER_LIKES_REVIEW" ADD CONSTRAINT "CUSTOMER_LIKES_REVIEW_FK2" FOREIGN KEY ("EMAIL")
	  REFERENCES "CUSTOMERS" ("EMAIL") ENABLE;
--------------------------------------------------------
--  Ref Constraints for Table ORDERS
--------------------------------------------------------

  ALTER TABLE "ORDERS" ADD CONSTRAINT "ORDERS_FK1" FOREIGN KEY ("EMAIL")
	  REFERENCES "CUSTOMERS" ("EMAIL") ENABLE;
--------------------------------------------------------
--  Ref Constraints for Table ORDER_CONTAINS_PRODUCTS
--------------------------------------------------------

  ALTER TABLE "ORDER_CONTAINS_PRODUCTS" ADD CONSTRAINT "ORDER_CONTAINS_PRODUCTS_FK1" FOREIGN KEY ("ORDER_ID")
	  REFERENCES "ORDERS" ("ORDER_ID") ENABLE;
 
  ALTER TABLE "ORDER_CONTAINS_PRODUCTS" ADD CONSTRAINT "ORDER_CONTAINS_PRODUCTS_FK2" FOREIGN KEY ("PROD_ID")
	  REFERENCES "PRODUCTS" ("PROD_ID") ENABLE;
--------------------------------------------------------
--  Ref Constraints for Table PRODUCT_HAS_PHOTOS
--------------------------------------------------------

  ALTER TABLE "PRODUCT_HAS_PHOTOS" ADD CONSTRAINT "PRODUCT_HAS_PHOTOS_FK1" FOREIGN KEY ("PROD_ID")
	  REFERENCES "PRODUCTS" ("PROD_ID") ENABLE;
 
  ALTER TABLE "PRODUCT_HAS_PHOTOS" ADD CONSTRAINT "PRODUCT_HAS_PHOTOS_FK2" FOREIGN KEY ("PHOTO_ID")
	  REFERENCES "PHOTOS" ("PHOTO_ID") ENABLE;
--------------------------------------------------------
--  Ref Constraints for Table REVIEWS
--------------------------------------------------------

  ALTER TABLE "REVIEWS" ADD CONSTRAINT "REVIEWS_FK1" FOREIGN KEY ("EMAIL")
	  REFERENCES "CUSTOMERS" ("EMAIL") ENABLE;
 
  ALTER TABLE "REVIEWS" ADD CONSTRAINT "REVIEWS_FK2" FOREIGN KEY ("PROD_ID")
	  REFERENCES "PRODUCTS" ("PROD_ID") ENABLE;
--------------------------------------------------------
--  Ref Constraints for Table SELLERS
--------------------------------------------------------

  ALTER TABLE "SELLERS" ADD CONSTRAINT "SELLERS_FK1" FOREIGN KEY ("ADDR_ID")
	  REFERENCES "ADDRESSES" ("ADDR_ID") ENABLE;
 
  ALTER TABLE "SELLERS" ADD CONSTRAINT "SELLERS_FK2" FOREIGN KEY ("PHOTO_ID")
	  REFERENCES "PHOTOS" ("PHOTO_ID") ENABLE;
--------------------------------------------------------
--  Ref Constraints for Table SELLER_PROVIDES_PRODUCTS
--------------------------------------------------------

  ALTER TABLE "SELLER_PROVIDES_PRODUCTS" ADD CONSTRAINT "SELLER_PROVIDES_PRODUCTS_FK1" FOREIGN KEY ("EMAIL")
	  REFERENCES "SELLERS" ("EMAIL") ENABLE;
 
  ALTER TABLE "SELLER_PROVIDES_PRODUCTS" ADD CONSTRAINT "SELLER_PROVIDES_PRODUCTS_FK2" FOREIGN KEY ("PROD_ID")
	  REFERENCES "PRODUCTS" ("PROD_ID") ENABLE;
